{"cameraMode":{"drawMode":0,"name":"Shaded","section":"Shading Mode"},"sceneLighting":true,"audioPlay":false,"sceneViewState":{"m_AlwaysRefresh":false,"showFog":true,"showSkybox":true,"showFlares":true,"showImageEffects":true,"showParticleSystems":true,"showVisualEffectGraphs":true,"m_FxEnabled":true},"in2DMode":false,"pivot":{"x":10.392112731933594,"y":3.2154014110565187,"z":-5.346626281738281},"rotation":{"x":-0.0012766922591254116,"y":-0.9925366640090942,"z":0.1215020939707756,"w":-0.010430377908051014},"size":7.9435906410217289,"orthographic":false}